category,over_represented_pvalue,under_represented_pvalue,numDEInCat,numInCat,Annotation,ontology
ARA:PWY-6005,0.0028167024626204063,1,1,1,marneral biosynthesis,BioCyc
ARA:PWY-6406,0.005720321116312392,0.9999922793836179,1,2,salicylate biosynthesis I,BioCyc
ARA:PWY-5876,0.006865754139167946,0.9999888710985935,1,2,magnoflorine biosynthesis,BioCyc
ARA:PWY0-541,0.011342855900631083,0.9999543740970522,1,4,cyclopropane fatty acid (CFA) biosynthesis,BioCyc
ARA:PWY-5992,0.01347990145499811,0.9993213696642553,2,42,thalianol and derivatives biosynthesis,BioCyc
ARA:PWY-2582,0.03166331210375069,0.9995820102558722,1,8,brassinosteroid biosynthesis II,BioCyc
ARA:LIPASYN-PWY,0.03227913127497993,0.997375271101971,2,72,phospholipases,BioCyc
ARA:PWY-782,0.034838168966399775,0.9994853781103016,1,9,glycolipid desaturation,BioCyc
ARA:PWY-6544,0.040276801969874494,0.9992951905276776,1,11,superpathway of C28 brassinosteroid biosynthesis,BioCyc
ARA:PWY-699,0.040276801969874494,0.9992951905276776,1,11,brassinosteroid biosynthesis I,BioCyc
ARA:PWY-5791,0.04975425262861751,0.9989440197348295,1,9,"1,4-dihydroxy-2-naphthoate biosynthesis II (plants)",BioCyc
ARA:PWY-5837,0.04975425262861751,0.9989440197348295,1,9,"1,4-dihydroxy-2-naphthoate biosynthesis",BioCyc
ARA:PWY-6367,0.05437619712790579,0.9986809563193864,1,14,D-myo-inositol-5-phosphate metabolism,BioCyc
ARA:PWY-6773,0.054838447604275094,0.9986315387578764,1,19,"1,3-&beta;-D-glucan biosynthesis",BioCyc
ARA:PWY-1001,0.05607778814627506,0.998564400160613,1,20,cellulose biosynthesis,BioCyc
ARA:NONMEVIPP-PWY,0.06534569321960937,0.9980772297625947,1,15,methylerythritol phosphate pathway I,BioCyc
ARA:PWY-7560,0.07063553694399274,0.9977301646947213,1,17,methylerythritol phosphate pathway II,BioCyc
ARA:PWY-2821,0.09689537411127466,0.9956695490192716,1,18,glucosinolate biosynthesis from phenylalanine,BioCyc
ARA:PWYQT-4472,0.12365834539832792,0.9927582017320561,1,25,glucosinolate biosynthesis from trihomomethionine,BioCyc
ARA:PWYQT-4473,0.12365834539832792,0.9927582017320561,1,25,glucosinolate biosynthesis from tetrahomomethionine,BioCyc
ARA:PWYQT-4474,0.12365834539832792,0.9927582017320561,1,25,glucosinolate biosynthesis from pentahomomethionine,BioCyc
ARA:PWY-1081,0.13513029878133812,0.9911943774934249,1,38,homogalacturonan degradation,BioCyc
ARA:PWYQT-4475,0.14207096413890383,0.9902959742580387,1,31,glucosinolate biosynthesis from hexahomomethionine,BioCyc
ARA:PWY-601,0.1439038506148541,0.990047082161164,1,30,glucosinolate biosynthesis from tryptophan,BioCyc
ARA:PWY-7039,0.16995585687900627,0.9857766340571485,1,52,"phosphatidate metabolism, as a signaling molecule",BioCyc
ARA:PWY-6351,0.17111520045266465,0.9855751045205723,1,52,"D-myo-inositol (1,4,5)-trisphosphate biosynthesis",BioCyc
ARA:PWY-5121,0.1757224084734434,0.9849071103627415,1,34,superpathway of geranylgeranyl diphosphate biosynthesis II (via MEP),BioCyc
ARA:PWY-1187,0.17586282014785165,0.9849235593612927,1,31,glucosinolate biosynthesis from homomethionine,BioCyc
ARA:PWY-6803,0.24440025818297564,0.9695445444607511,1,65,phosphatidylcholine acyl editing,BioCyc
ARA:PWYQT-4471,0.2795429407858517,0.9596518103636367,1,54,glucosinolate biosynthesis from dihomomethionine,BioCyc
ARA:LIPAS-PWY,0.31037068818698665,0.949212617369321,1,93,triacylglycerol degradation,BioCyc
ARA:PWY-101,0.34133376802752136,0.9382829873147743,1,46,photosynthesis light reactions,BioCyc
ARA:PWY-6842,0.45260771634853314,0.884508041586126,1,71,glutathione-mediated detoxification II,BioCyc
ARA:PHOTOALL-PWY,0.4638700064957444,0.8777288047575694,1,85,oxygenic photosynthesis,BioCyc
ARA:PWY-5934,0.9999999999999981,0.94582181380565,0,14,iron reduction and absorption,BioCyc
ARA:PWY-361,0.9999999999999989,0.7951141719859999,0,54,phenylpropanoid biosynthesis,BioCyc
ARA:PWY-3781,0.9999999999999993,0.4264152365065697,0,104,aerobic respiration I (cytochrome c),BioCyc
ARA:ALACAT2-PWY,1,0.9538566688689133,0,12,L-alanine degradation II (to D-lactate),BioCyc
ARA:ALANINE-DEG3-PWY,1,0.9676372558749422,0,8,L-alanine degradation III,BioCyc
ARA:ALANINE-SYN2-PWY,1,0.9676372558749422,0,8,L-alanine biosynthesis II,BioCyc
ARA:ARG-PRO-PWY,1,0.9832878828992839,0,4,L-arginine degradation VI (arginase 2 pathway),BioCyc
ARA:ARGASEDEG-PWY,1,0.9900797132282325,0,3,L-arginine degradation I (arginase pathway),BioCyc
ARA:ARGDEG-V-PWY,1,0.990737572026658,0,3,L-arginine degradation X (arginine monooxygenase pathway),BioCyc
ARA:ARGININE-SYN4-PWY,1,0.9800948144311683,0,6,L-ornithine biosynthesis II,BioCyc
ARA:ARGSPECAT-PWY,1,0.9414739489453552,0,11,spermine biosynthesis,BioCyc
ARA:ARGSYN-PWY,1,0.9298413872409229,0,16,L-arginine biosynthesis I (via L-ornithine),BioCyc
ARA:ARGSYNBSUB-PWY,1,0.9331165203866927,0,15,L-arginine biosynthesis II (acetyl cycle),BioCyc
ARA:ASPARAGINE-BIOSYNTHESIS,1,0.9825347417157482,0,6,L-asparagine biosynthesis I,BioCyc
ARA:ASPARAGINE-DEG1-PWY,1,0.9703964495285007,0,6,L-asparagine degradation I,BioCyc
ARA:ASPARAGINESYN-PWY,1,0.9825347417157482,0,6,L-asparagine biosynthesis II,BioCyc
ARA:ASPARTATE-DEG1-PWY,1,0.9580198557522865,0,14,L-aspartate degradation I,BioCyc
ARA:ASPARTATESYN-PWY,1,0.9580198557522865,0,14,L-aspartate biosynthesis,BioCyc
ARA:ASPASN-ARA-PWY,1,0.9132834448498021,0,26,superpathway of aspartate and asparagine biosynthesis,BioCyc
ARA:ASPSYNII-PWY,1,0.9659815208001398,0,10,cyanide detoxification I,BioCyc
ARA:BRANCHED-CHAIN-AA-SYN-PWY,1,0.8706592236276616,0,37,superpathway of branched chain amino acid biosynthesis,BioCyc
ARA:BSUBPOLYAMSYN-PWY,1,0.9380692068485589,0,12,spermidine biosynthesis I,BioCyc
ARA:CALVIN-PWY,1,0.8180571764099471,0,39,Calvin-Benson-Bassham cycle,BioCyc
ARA:CAMALEXIN-SYN,1,0.876055533641082,0,29,camalexin biosynthesis,BioCyc
ARA:CHLOROPHYLL-SYN,1,0.9031584551171641,0,22,"3,8-divinyl-chlorophyllide a biosynthesis I (aerobic, light-dependent)",BioCyc
ARA:CITRULBIO-PWY,1,0.8713425016415288,0,35,L-citrulline biosynthesis,BioCyc
ARA:CITRULLINE-DEG-PWY,1,0.995941137196185,0,1,L-citrulline degradation,BioCyc
ARA:COA-PWY,1,0.9422278604295268,0,9,coenzyme A biosynthesis I,BioCyc
ARA:COMPLETE-ARO-ARA-PWY,1,0.8662364343618774,0,38,"superpathway of phenylalanine, tyrosine and tryptophan biosynthesis",BioCyc
ARA:CYANCAT-PWY,1,0.9841903902220899,0,3,cyanate degradation,BioCyc
ARA:CYSTSYN-PWY,1,0.8953838314045011,0,25,L-cysteine biosynthesis I,BioCyc
ARA:DETOX1-PWY,1,0.9216407047254106,0,21,superoxide radicals degradation,BioCyc
ARA:DETOX1-PWY-1,1,0.8765986080802654,0,28,reactive oxygen species degradation,BioCyc
ARA:ETHYL-PWY,1,0.8857966311561477,0,31,ethylene biosynthesis I (plants),BioCyc
ARA:ETOH-ACETYLCOA-ANA-PWY,1,0.958125924029671,0,12,ethanol degradation I,BioCyc
ARA:FASYN-ELONG-PWY,1,0.9091727889204441,0,15,fatty acid elongation -- saturated,BioCyc
ARA:GLNSYN-PWY,1,0.9673023209544941,0,10,L-glutamine biosynthesis I,BioCyc
ARA:GLUCONEO-PWY,1,0.7911071717526466,0,60,gluconeogenesis I,BioCyc
ARA:GLUCOSE1PMETAB-PWY,1,0.9402101022368827,0,21,glucose and glucose-1-phosphate degradation,BioCyc
ARA:GLUGLNSYN-PWY,1,0.9916016819604168,0,3,L-glutamate biosynthesis IV,BioCyc
ARA:GLUT-REDOX-PWY,1,0.9886937048342194,0,4,glutathione-glutaredoxin redox reactions,BioCyc
ARA:GLUTAMATE-DEG1-PWY,1,0.9857858923616333,0,4,L-glutamate degradation I,BioCyc
ARA:GLUTAMATE-SYN2-PWY,1,0.9857858923616333,0,4,L-glutamate biosynthesis II,BioCyc
ARA:GLUTAMINDEG-PWY,1,0.8921792539946063,0,28,L-glutamine degradation I,BioCyc
ARA:GLUTATHIONESYN-PWY,1,0.9913168851749237,0,3,glutathione biosynthesis,BioCyc
ARA:GLUTORN-PWY,1,0.9453619379817704,0,11,L-ornithine biosynthesis I,BioCyc
ARA:GLUTSYNIII-PWY,1,0.9802489273870101,0,6,L-glutamate biosynthesis III,BioCyc
ARA:GLYCLEAV-PWY,1,0.9215771956727437,0,17,glycine cleavage,BioCyc
ARA:GLYCOLYSIS,1,0.8064502033655607,0,57,glycolysis I (from glucose 6-phosphate),BioCyc
ARA:GLYOXDEG-PWY,1,0.9940745522472157,0,2,glycolate and glyoxylate degradation II,BioCyc
ARA:GLYOXYLATE-BYPASS,1,0.9301683940597862,0,17,glyoxylate cycle,BioCyc
ARA:GLYSYN-ALA-PWY,1,0.962030118593457,0,12,glycine biosynthesis III,BioCyc
ARA:GLYSYN-PWY,1,0.9618004425140533,0,11,glycine biosynthesis I,BioCyc
ARA:GLYSYN2-PWY,1,0.9343516609570649,0,20,glycine biosynthesis,BioCyc
ARA:HEME-BIOSYNTHESIS-II,1,0.9539644337933242,0,14,heme biosynthesis I (aerobic),BioCyc
ARA:HEXPPSYN-PWY,1,0.9931128194145278,0,2,hexaprenyl diphosphate biosynthesis,BioCyc
ARA:HISTSYN-PWY,1,0.9445132442761952,0,16,L-histidine biosynthesis,BioCyc
ARA:HOMOCYSDEGR-PWY,1,0.9965640922063207,0,1,L-cysteine biosynthesis III (from L-homocysteine),BioCyc
ARA:HOMOSER-THRESYN-PWY,1,0.9675618678608845,0,4,L-threonine biosynthesis,BioCyc
ARA:HOMOSERSYN-PWY,1,0.9712313633240626,0,10,L-homoserine biosynthesis,BioCyc
ARA:ILE-VAL-PWY,1,0.9438590413986124,0,19,superpathway of isoleucine and valine biosynthesis,BioCyc
ARA:ILEUDEG-PWY,1,0.9213781625978984,0,20,L-isoleucine degradation I,BioCyc
ARA:ILEUSYN-PWY,1,0.9632931476125395,0,12,L-isoleucine biosynthesis I (from threonine),BioCyc
ARA:KDOSYN-PWY,1,0.9936514612221435,0,2,Kdo transfer to lipid IVA I,BioCyc
ARA:LCYSDEG-PWY,1,0.9952427821675767,0,1,L-cysteine degradation II,BioCyc
ARA:LEU-DEG2-PWY,1,0.8857507168784755,0,32,L-leucine degradation I,BioCyc
ARA:LEUSYN-PWY,1,0.8970964708582203,0,27,L-leucine biosynthesis,BioCyc
ARA:LYSINE-DEG2-PWY,1,0.9626532498846824,0,12,lysine degradation II,BioCyc
ARA:MALATE-ASPARTATE-SHUTTLE-PWY,1,0.9298640841568627,0,21,L-aspartate degradation II,BioCyc
ARA:MANNCAT-PWY,1,0.9847291310729634,0,4,D-mannose degradation,BioCyc
ARA:MANNOSYL-CHITO-DOLICHOL-BIOSYNTHESIS,1,0.8896556311299766,0,25,"protein N-glycosylation (eukaryotic, high mannose)",BioCyc
ARA:METHIONINE-DEG1-PWY,1,0.9634762547146236,0,9,L-methionine degradation I (to L-homocysteine),BioCyc
ARA:NAGLIPASYN-PWY,1,0.9539789455537808,0,11,lipid IVA biosynthesis,BioCyc
ARA:NONOXIPENT-PWY,1,0.9195441135877667,0,16,pentose phosphate pathway (non-oxidative branch),BioCyc
ARA:OXIDATIVEPENT-PWY,1,0.9113900757631239,0,20,pentose phosphate pathway (oxidative branch) I,BioCyc
ARA:P401-PWY,1,0.9690275457945166,0,9,cyanide degradation,BioCyc
ARA:PANTO-PWY,1,0.9734348680881847,0,7,phosphopantothenate biosynthesis I,BioCyc
ARA:PENTOSE-P-PWY,1,0.837677903770504,0,36,pentose phosphate pathway,BioCyc
ARA:PHOSLIPSYN2-PWY,1,0.9798419078705591,0,6,superpathway of phospholipid biosynthesis II (plants),BioCyc
ARA:PLPSAL-PWY,1,0.980426616406046,0,5,pyridoxal 5'-phosphate salvage I,BioCyc
ARA:POLYAMINSYN3-PWY,1,0.9902004509273343,0,3,superpathway of polyamine biosynthesis II,BioCyc
ARA:PROSYN-PWY,1,0.987541352654706,0,3,L-proline biosynthesis I,BioCyc
ARA:PROUT-PWY,1,0.9877814992796845,0,4,L-proline degradation,BioCyc
ARA:PWY-102,1,0.9627722676697209,0,9,gibberellin inactivation I (2&beta;-hydroxylation),BioCyc
ARA:PWY-1042,1,0.8153610105169105,0,55,glycolysis IV (plant cytosol),BioCyc
ARA:PWY-1061,1,0.890412433408358,0,29,homogalacturonan biosynthesis,BioCyc
ARA:PWY-112,1,0.97277546748436206,0,5,lupeol biosynthesis,BioCyc
ARA:PWY-1121,1,0.7626901951391318,0,54,suberin monomers biosynthesis,BioCyc
ARA:PWY-116,1,0.9825413171809958,0,4,coniferin metabolism,BioCyc
ARA:PWY-1186,1,0.9736084712628874,0,8,L-homomethionine biosynthesis,BioCyc
ARA:PWY-1269,1,0.9687611031243935,0,9,CMP-3-deoxy-D-manno-octulosonate biosynthesis,BioCyc
ARA:PWY-1422,1,0.958225535357393,0,9,vitamin E biosynthesis (tocopherols),BioCyc
ARA:PWY-1581,1,0.9677918360472257,0,6,plastoquinol-9 biosynthesis I,BioCyc
ARA:PWY-1722,1,0.9665408774184281,0,8,"formate assimilation into 5,10-methylenetetrahydrofolate",BioCyc
ARA:PWY-1782,1,0.9440392131139996,0,15,superpathway of indole-3-acetate conjugate biosynthesis,BioCyc
ARA:PWY-1801,1,0.9928190432760953,0,2,formaldehyde oxidation II (glutathione-dependent),BioCyc
ARA:PWY-181,1,0.8519619120902635,0,36,photorespiration,BioCyc
ARA:PWY-1822,1,0.9722878128140133,0,7,indole-3-acetate activation I,BioCyc
ARA:PWY-1881,1,0.9968408929344885,0,1,formate oxidation to CO2,BioCyc
ARA:PWY-2,1,0.9910866270475018,0,3,putrescine degradation IV,BioCyc
ARA:PWY-2021,1,0.9673643166139845,0,10,indole-3-acetate degradation IV,BioCyc
ARA:PWY-2161,1,0.9476650858039264,0,16,folate polyglutamylation,BioCyc
ARA:PWY-2161B,1,0.9800878880187298,0,6,glutamate removal from folates,BioCyc
ARA:PWY-2161B-PMN,1,0.9686574515800888,0,10,folate polyglutamylation II,BioCyc
ARA:PWY-2181,1,0.9768083602234005,0,5,free phenylpropanoid acid biosynthesis,BioCyc
ARA:PWY-2261,1,0.8621861059559605,0,26,ascorbate glutathione cycle,BioCyc
ARA:PWY-2301,1,0.9799697252110436,0,6,myo-inositol biosynthesis,BioCyc
ARA:PWY-2501,1,0.9564629835089666,0,15,fatty acid &alpha;-oxidation I,BioCyc
ARA:PWY-2541,1,0.8412393984948624,0,44,plant sterol biosynthesis,BioCyc
ARA:PWY-2602,1,0.9883993659354825,0,1,brassinosteroid biosynthesis III,BioCyc
ARA:PWY-2681,1,0.9255140586401545,0,17,trans-zeatin biosynthesis,BioCyc
ARA:PWY-2724,1,0.964957182612373,0,12,alkane oxidation,BioCyc
ARA:PWY-2781,1,0.9939373451765726,0,2,cis-zeatin biosynthesis,BioCyc
ARA:PWY-282,1,0.9516458615369425,0,8,cuticular wax biosynthesis,BioCyc
ARA:PWY-2841,1,0.978656373751229,0,7,cytokinins degradation,BioCyc
ARA:PWY-2881,1,0.9677718708365386,0,7,cytokinins 7-N-glucoside biosynthesis,BioCyc
ARA:PWY-2901,1,0.9677718708365386,0,7,cytokinins 9-N-glucoside biosynthesis,BioCyc
ARA:PWY-2902,1,0.9651090964507926,0,8,cytokinin-O-glucosides biosynthesis,BioCyc
ARA:PWY-3001,1,0.8641753001540841,0,41,superpathway of L-isoleucine biosynthesis I,BioCyc
ARA:PWY-3041,1,0.9841488961521329,0,4,monoterpene biosynthesis,BioCyc
ARA:PWY-3101,1,0.9427744640164936,0,11,flavonol biosynthesis,BioCyc
ARA:PWY-3181,1,0.9860254333084788,0,5,L-tryptophan degradation VI (via tryptamine),BioCyc
ARA:PWY-321,1,0.8282465232970975,0,35,cutin biosynthesis,BioCyc
ARA:PWY-3221,1,0.994950164883869,0,1,dTDP-L-rhamnose biosynthesis II,BioCyc
ARA:PWY-3261,1,0.9856802090747873,0,4,UDP-L-rhamnose biosynthesis,BioCyc
ARA:PWY-3301,1,0.8664978548429901,0,39,sinapate ester biosynthesis,BioCyc
ARA:PWY-3341,1,0.9846105921610677,0,4,L-proline biosynthesis III,BioCyc
ARA:PWY-3385,1,0.9543272522380097,0,14,choline biosynthesis I,BioCyc
ARA:PWY-3461,1,0.9645399031940712,0,9,L-tyrosine biosynthesis II,BioCyc
ARA:PWY-3462,1,0.9480017272781553,0,13,L-phenylalanine biosynthesis II,BioCyc
ARA:PWY-3481,1,0.9356426119991341,0,16,superpathway of L-phenylalanine and L-tyrosine biosynthesis,BioCyc
ARA:PWY-3561,1,0.9248053054675458,0,26,choline biosynthesis III,BioCyc
ARA:PWY-3742,1,0.8703243133308672,0,30,tetrahydrofolate biosynthesis II,BioCyc
ARA:PWY-3801,1,0.8604508434411656,0,41,sucrose degradation II (sucrose synthase),BioCyc
ARA:PWY-381,1,0.9584648760991664,0,13,nitrate reduction II (assimilatory),BioCyc
ARA:PWY-3821,1,0.9722277989633576,0,8,D-galactose degradation III,BioCyc
ARA:PWY-3841,1,0.865314741077165,0,38,folate transformations II,BioCyc
ARA:PWY-3881,1,0.9730161939867726,0,7,mannitol biosynthesis,BioCyc
ARA:PWY-3941,1,0.9741732193176382,0,5,&beta;-alanine biosynthesis II,BioCyc
ARA:PWY-3982,1,0.9895865402528023,0,3,uracil degradation I (reductive),BioCyc
ARA:PWY-4,1,0.9913980150590076,0,3,UDP-D-galacturonate biosynthesis II (from D-galacturonate),BioCyc
ARA:PWY-40,1,0.990737572026658,0,3,putrescine biosynthesis I,BioCyc
ARA:PWY-401,1,0.9727861250389267,0,9,galactolipid biosynthesis I,BioCyc
ARA:PWY-4041,1,0.9432464835996145,0,11,&gamma;-glutamyl cycle,BioCyc
ARA:PWY-4081,1,0.9227179999324905,0,15,glutathione-peroxide redox reactions,BioCyc
ARA:PWY-4101,1,0.9171203196103654,0,17,D-sorbitol degradation I,BioCyc
ARA:PWY-4203,1,0.9863856214635501,0,3,volatile benzenoid biosynthesis I (ester formation),BioCyc
ARA:PWY-4221ARA,1,0.9171108114038699,0,16,superpathway of pantothenate and coenzymeA biosynthesis,BioCyc
ARA:PWY-4261,1,0.9936733735094022,0,2,glycerol degradation I,BioCyc
ARA:PWY-43,1,0.9803351265748811,0,6,putrescine biosynthesis II,BioCyc
ARA:PWY-4302,1,0.49096984632235896,0,84,aerobic respiration III (alternative oxidase pathway),BioCyc
ARA:PWY-4321,1,0.9596123490825434,0,12,L-glutamate degradation IV,BioCyc
ARA:PWY-4341,1,0.9943937321307044,0,2,L-glutamate biosynthesis V,BioCyc
ARA:PWY-4361,1,0.9189285781945387,0,20,S-methyl-5-thio-&alpha;-D-ribose 1-phosphate degradation,BioCyc
ARA:PWY-4381,1,0.9517763552880532,0,14,fatty acid biosynthesis initiation I,BioCyc
ARA:PWY-4541,1,0.9586635603283544,0,9,"lipid-dependent phytate biosynthesis I (via Ins(1,4,5)P3)",BioCyc
ARA:PWY-4562,1,0.9386491543006615,0,15,"lipid-dependent phytate biosynthesis II (via Ins(1,3,4)P3)",BioCyc
ARA:PWY-4661,1,0.9507802537184417,0,14,1D-myo-inositol hexakisphosphate biosynthesis III (Spirodela polyrrhiza),BioCyc
ARA:PWY-4702,1,0.9862807419819576,0,4,phytate degradation I,BioCyc
ARA:PWY-4765,1,0.9386491543006615,0,15,superpathway of lipid-dependent phytate biosynthesis,BioCyc
ARA:PWY-4821,1,0.9157919301341882,0,18,UDP-D-xylose biosynthesis,BioCyc
ARA:PWY-4841,1,0.9731640541569668,0,7,UDP-&alpha;-D-glucuronate biosynthesis (from myo-inositol),BioCyc
ARA:PWY-4861,1,0.9723007574567122,0,6,UDP-D-galacturonate biosynthesis I (from UDP-D-glucuronate),BioCyc
ARA:PWY-4983,1,0.983820701281073,0,5,L-citrulline-nitric oxide cycle,BioCyc
ARA:PWY-4984,1,0.9795509602765691,0,6,urea cycle,BioCyc
ARA:PWY-5027,1,0.9782871006913639,0,4,phylloquinol biosynthesis,BioCyc
ARA:PWY-5032,1,0.9971620805415321,0,1,ent-kaurene biosynthesis I,BioCyc
ARA:PWY-5034,1,0.987469326453739,0,4,GA12 biosynthesis,BioCyc
ARA:PWY-5035,1,0.935657043436409,0,14,gibberellin biosynthesis III (early C-13 hydroxylation),BioCyc
ARA:PWY-5036,1,0.9891020963866584,0,2,gibberellin biosynthesis II (early C-3 hydroxylation),BioCyc
ARA:PWY-5041,1,0.9471518648755499,0,15,S-adenosyl-L-methionine cycle II,BioCyc
ARA:PWY-5043,1,0.9371818258323348,0,15,purine nucleosides salvage II (plant),BioCyc
ARA:PWY-5046,1,0.9309309098387158,0,17,2-oxoisovalerate decarboxylation to isobutanoyl-CoA,BioCyc
ARA:PWY-5049,1,0.9936414817774089,0,1,rosmarinic acid biosynthesis II,BioCyc
ARA:PWY-5060,1,0.9828538800177937,0,4,luteolin biosynthesis,BioCyc
ARA:PWY-5063,1,0.996260509658846,0,1,phytyl diphosphate biosynthesis,BioCyc
ARA:PWY-5064,1,0.9932700418106662,0,2,chlorophyll a biosynthesis II,BioCyc
ARA:PWY-5068,1,0.9816078269967058,0,6,chlorophyll cycle,BioCyc
ARA:PWY-5070,1,0.9524759799160474,0,9,"gibberellin biosynthesis I (non C-3, non C-13 hydroxylation)",BioCyc
ARA:PWY-5079,1,0.9730035195843735,0,8,L-phenylalanine degradation III,BioCyc
ARA:PWY-5080,1,0.8387754435721162,0,41,very long chain fatty acid biosynthesis I,BioCyc
ARA:PWY-5083,1,0.5507118534036944,0,70,NAD/NADH phosphorylation and dephosphorylation,BioCyc
ARA:PWY-5086,1,0.996998968967744,0,1,chlorophyll a biosynthesis I,BioCyc
ARA:PWY-5097,1,0.9383038872559747,0,19,L-lysine biosynthesis VI,BioCyc
ARA:PWY-5098,1,0.9704532814667723,0,7,chlorophyll a degradation I,BioCyc
ARA:PWY-5107,1,0.9915115734407877,0,2,phytol salvage pathway,BioCyc
ARA:PWY-5111,1,0.9753368773311075,0,8,CMP-KDO biosynthesis II (from D-arabinose 5-phosphate),BioCyc
ARA:PWY-5113,1,0.9937531484144355,0,2,UDP-D-apiose biosynthesis (from UDP-D-glucuronate),BioCyc
ARA:PWY-5114,1,0.8465929998983243,0,39,UDP-sugars interconversion,BioCyc
ARA:PWY-5115,1,0.9969031432002985,0,1,GDP-L-galactose biosynthesis,BioCyc
ARA:PWY-5120,1,0.8969324788403376,0,14,geranylgeranyl diphosphate biosynthesis,BioCyc
ARA:PWY-5122,1,0.893402909316855,0,16,geranyl diphosphate biosynthesis,BioCyc
ARA:PWY-5123,1,0.8788255257994658,0,21,"trans, trans-farnesyl diphosphate biosynthesis",BioCyc
ARA:PWY-5125,1,0.9622068965829838,0,8,anthocyanin biosynthesis,BioCyc
ARA:PWY-5129,1,0.8847420103415524,0,32,sphingolipid biosynthesis (plants),BioCyc
ARA:PWY-5136,1,0.9463727373692553,0,14,fatty acid &beta;-oxidation II (peroxisome),BioCyc
ARA:PWY-5138,1,0.9430861083192916,0,10,"unsaturated, even numbered fatty acid &beta;-oxidation",BioCyc
ARA:PWY-5142,1,0.9768008664425335,0,6,acyl-ACP thioesterase pathway,BioCyc
ARA:PWY-5143,1,0.930206488634994,0,17,long-chain fatty acid activation,BioCyc
ARA:PWY-5147,1,0.8865996024124055,0,30,oleate biosynthesis I (plants),BioCyc
ARA:PWY-5148,1,0.9288407297840741,0,8,acyl-CoA hydrolysis,BioCyc
ARA:PWY-5152,1,0.9491636926169399,0,10,leucodelphinidin biosynthesis,BioCyc
ARA:PWY-5168,1,0.985321721815762,0,4,ferulate and sinapate biosynthesis,BioCyc
ARA:PWY-5172,1,0.9758730806780999,0,8,acetyl-CoA biosynthesis III (from citrate),BioCyc
ARA:PWY-5175,1,0.9969219198758026,0,1,lactucaxanthin biosynthesis,BioCyc
ARA:PWY-5176,1,0.9970835583009838,0,1,coumarin biosynthesis (via 2-coumarate),BioCyc
ARA:PWY-5188,1,0.9548698726966977,0,13,tetrapyrrole biosynthesis I (from glutamate),BioCyc
ARA:PWY-5194,1,0.9794898948335883,0,5,siroheme biosynthesis,BioCyc
ARA:PWY-5203,1,0.9563252972651576,0,9,soybean saponin I biosynthesis,BioCyc
ARA:PWY-5267,1,0.9647020648935977,0,9,glucosinolate activation,BioCyc
ARA:PWY-5269,1,0.9714340420685723,0,6,cardiolipin biosynthesis II,BioCyc
ARA:PWY-5271,1,0.993410010657802,0,2,phaseic acid biosynthesis,BioCyc
ARA:PWY-5272,1,0.9490471889744393,0,9,abscisic acid glucose ester metabolism,BioCyc
ARA:PWY-5285,1,0.9916550469382741,0,2,sulfide oxidation III (persulfide dioxygenase),BioCyc
ARA:PWY-5287,1,0.995757679455844,0,1,sanguinarine and macarpine biosynthesis,BioCyc
ARA:PWY-5313,1,0.9775326857996545,0,4,superpathway of anthocyanin biosynthesis (from cyanidin and cyanidin 3-O-glucoside),BioCyc
ARA:PWY-5320,1,0.9241667409326222,0,16,kaempferol glycoside biosynthesis (Arabidopsis),BioCyc
ARA:PWY-5321,1,0.7780509335564623,0,44,quercetin glycoside biosynthesis (Arabidopsis),BioCyc
ARA:PWY-5326,1,0.9922672147371399,0,2,sulfite oxidation IV,BioCyc
ARA:PWY-5337,1,0.953942272944306,0,12,stachyose biosynthesis,BioCyc
ARA:PWY-5340,1,0.9533737191050542,0,10,sulfate activation for sulfonation,BioCyc
ARA:PWY-5342,1,0.9971412001198332,0,1,ajugose biosynthesis I (galactinol-dependent),BioCyc
ARA:PWY-5343,1,0.996971665503063,0,1,ajugose biosynthesis II (galactinol-independent),BioCyc
ARA:PWY-5350,1,0.915633902202053,0,8,thiosulfate disproportionation IV (rhodanese),BioCyc
ARA:PWY-5366,1,0.9768008664425335,0,6,palmitoleate biosynthesis II (plants and bacteria),BioCyc
ARA:PWY-5377,1,0.9755273129686727,0,4,&alpha;-amyrin biosynthesis,BioCyc
ARA:PWY-5381,1,0.7963809956703346,0,40,pyridine nucleotide cycling (plants),BioCyc
ARA:PWY-5386,1,0.9273409533354421,0,22,methylglyoxal degradation I,BioCyc
ARA:PWY-5389,1,0.9801474387144657,0,3,3-methylthiopropanoate biosynthesis,BioCyc
ARA:PWY-5391,1,0.9529888578704704,0,9,syringetin biosynthesis,BioCyc
ARA:PWY-5410,1,0.9585766478912726,0,8,traumatin and (Z)-3-hexen-1-yl acetate biosynthesis,BioCyc
ARA:PWY-5441,1,0.9839275430993416,0,5,S-methyl-L-methionine cycle,BioCyc
ARA:PWY-5453,1,0.913633724698321,0,13,methylglyoxal degradation III,BioCyc
ARA:PWY-5466,1,0.98815723702948155,0,3,matairesinol biosynthesis,BioCyc
ARA:PWY-5469,1,0.9882352174644753,0,2,sesamin biosynthesis,BioCyc
ARA:PWY-5481,1,0.9932280653288721,0,1,pyruvate fermentation to lactate,BioCyc
ARA:PWY-5484,1,0.7843662293171061,0,63,glycolysis II (from fructose 6-phosphate),BioCyc
ARA:PWY-5486,1,0.9449469431966715,0,16,pyruvate fermentation to ethanol II,BioCyc
ARA:PWY-5530,1,0.9573344451979027,0,5,sorbitol biosynthesis II,BioCyc
ARA:PWY-561,1,0.8455047389918611,0,32,superpathway of glyoxylate cycle and fatty acid degradation,BioCyc
ARA:PWY-5640,1,0.9930824371723087,0,1,nitrobenzene degradation II,BioCyc
ARA:PWY-5659,1,0.9327680960273149,0,20,GDP-mannose biosynthesis,BioCyc
ARA:PWY-5661,1,0.9546915457661268,0,16,GDP-glucose biosynthesis,BioCyc
ARA:PWY-5667,1,0.920319321377194,0,25,CDP-diacylglycerol biosynthesis I,BioCyc
ARA:PWY-5669,1,0.9854414866559138,0,5,phosphatidylethanolamine biosynthesis I,BioCyc
ARA:PWY-5670,1,0.9791373602195895,0,7,epoxysqualene biosynthesis,BioCyc
ARA:PWY-5686,1,0.9809751933890551,0,6,UMP biosynthesis I,BioCyc
ARA:PWY-5687,1,0.8461236510484851,0,38,pyrimidine ribonucleotides interconversion,BioCyc
ARA:PWY-5690,1,0.8111552643988986,0,41,TCA cycle II (plants and fungi),BioCyc
ARA:PWY-5691,1,0.9828342100021936,0,3,urate degradation to allantoin I,BioCyc
ARA:PWY-5692,1,0.9939307772612815,0,2,allantoin degradation to glyoxylate II,BioCyc
ARA:PWY-5697,1,0.9939943176462097,0,2,allantoin degradation to ureidoglycolate I (urea producing),BioCyc
ARA:PWY-5698,1,0.9880483713005098,0,4,allantoin degradation to ureidoglycolate II (ammonia producing),BioCyc
ARA:PWY-5704,1,0.9971842627167209,0,1,urea degradation II,BioCyc
ARA:PWY-5723,1,0.8243968435315021,0,41,Rubisco shunt,BioCyc
ARA:PWY-5765,1,0.9850095307061628,0,4,"1,3,5-trimethoxybenzene biosynthesis",BioCyc
ARA:PWY-5783,1,0.9931128194145278,0,2,octaprenyl diphosphate biosynthesis,BioCyc
ARA:PWY-5788,1,0.9673643166139845,0,10,indole-3-acetate degradation V,BioCyc
ARA:PWY-5800,1,0.9488433365102041,0,14,xylan biosynthesis,BioCyc
ARA:PWY-5805,1,0.9931128194145278,0,2,nonaprenyl diphosphate biosynthesis I,BioCyc
ARA:PWY-5807,1,0.9716895388195521,0,5,heptaprenyl diphosphate biosynthesis,BioCyc
ARA:PWY-581,1,0.8817426610244415,0,31,indole-3-acetate biosynthesis II,BioCyc
ARA:PWY-5859,1,0.9277839510665918,0,11,eugenol and isoeugenol biosynthesis,BioCyc
ARA:PWY-5868,1,0.883698287159577,0,28,simple coumarins biosynthesis,BioCyc
ARA:PWY-5871,1,0.9756523711218508,0,8,ubiquinol-9 biosynthesis (eukaryotic),BioCyc
ARA:PWY-5884,1,0.8627590521460268,0,22,wax esters biosynthesis I,BioCyc
ARA:PWY-5886,1,0.9867655541803488,0,4,4-hydroxyphenylpyruvate biosynthesis,BioCyc
ARA:PWY-5905,1,0.9808564722978449,0,3,hypusine biosynthesis,BioCyc
ARA:PWY-5921,1,0.9551036770920679,0,9,glutaminyl-tRNAgln biosynthesis via transamidation,BioCyc
ARA:PWY-5936,1,0.895737338561471,0,26,xyloglucan biosynthesis,BioCyc
ARA:PWY-5943,1,0.9952109434654658,0,1,&beta;-carotene biosynthesis,BioCyc
ARA:PWY-5944,1,0.9960085003986616,0,1,zeaxanthin biosynthesis,BioCyc
ARA:PWY-5945,1,0.9856145958352522,0,4,"zeaxanthin, antheraxanthin and violaxanthin interconversion",BioCyc
ARA:PWY-5946,1,0.9969219198758026,0,1,&delta;-carotene biosynthesis,BioCyc
ARA:PWY-5947,1,0.9873459004008472,0,4,lutein biosynthesis,BioCyc
ARA:PWY-5957,1,0.9723597515112289,0,3,L-nicotianamine biosynthesis,BioCyc
ARA:PWY-5963,1,0.9616254607801238,0,11,thio-molybdenum cofactor biosynthesis,BioCyc
ARA:PWY-5971,1,0.8079944785785493,0,43,palmitate biosynthesis II (bacteria and plants),BioCyc
ARA:PWY-5973,1,0.869140226804002,0,26,cis-vaccenate biosynthesis,BioCyc
ARA:PWY-5980,1,0.8798157557999059,0,33,xylogalacturonan biosynthesis,BioCyc
ARA:PWY-5986,1,0.9909021806014326,0,2,ammonium transport,BioCyc
ARA:PWY-5989,1,0.8130319242550166,0,41,stearate biosynthesis II (bacteria and plants),BioCyc
ARA:PWY-5995,1,0.9894308364216983,0,3,linoleate biosynthesis I (plants),BioCyc
ARA:PWY-5997,1,0.9906045479022247,0,3,&alpha;-linolenate biosynthesis I (plants and red algae),BioCyc
ARA:PWY-5998,1,0.9855883281346416,0,1,&gamma;-linolenate biosynthesis I (plants),BioCyc
ARA:PWY-6,1,0.9943169584220589,0,2,GDP-L-fucose biosynthesis II (from L-fucose),BioCyc
ARA:PWY-6007,1,0.9943885846922597,0,2,arabidiol biosynthesis,BioCyc
ARA:PWY-6012,1,0.9825363311312568,0,4,acyl carrier protein metabolism,BioCyc
ARA:PWY-6014,1,0.9756272176105777,0,5,vernolate biosynthesis I,BioCyc
ARA:PWY-6019,1,0.9856248593886646,0,4,pseudouridine degradation,BioCyc
ARA:PWY-6039,1,0.901027363462602,0,21,chlorogenic acid biosynthesis I,BioCyc
ARA:PWY-6040,1,0.9415432987728521,0,12,chlorogenic acid biosynthesis II,BioCyc
ARA:PWY-6051,1,0.9631827253195253,0,8,"2,4,6-trinitrotoluene degradation",BioCyc
ARA:PWY-6064,1,0.9909541312523967,0,2,methylquercetin biosynthesis,BioCyc
ARA:PWY-6066,1,0.9932551717343318,0,2,IAA biosynthesis VII,BioCyc
ARA:PWY-6115,1,0.961833313099623,0,9,"avenacin biosynthesis, initial reactions",BioCyc
ARA:PWY-6118,1,0.9745012483509043,0,8,glycerol-3-phosphate shuttle,BioCyc
ARA:PWY-6121,1,0.9737900486602377,0,7,5-aminoimidazole ribonucleotide biosynthesis I,BioCyc
ARA:PWY-6122,1,0.9737900486602377,0,7,5-aminoimidazole ribonucleotide biosynthesis II,BioCyc
ARA:PWY-6124,1,0.9819062080548503,0,6,inosine-5'-phosphate biosynthesis II,BioCyc
ARA:PWY-6132,1,0.9943805254008363,0,2,lanosterol biosynthesis,BioCyc
ARA:PWY-6137,1,0.9800167359692519,0,6,copper transport II,BioCyc
ARA:PWY-6147,1,0.9547036605924476,0,6,6-hydroxymethyl-dihydropterin diphosphate biosynthesis I,BioCyc
ARA:PWY-6163,1,0.970123246377862,0,9,chorismate biosynthesis from 3-dehydroquinate,BioCyc
ARA:PWY-6164,1,0.983442868747861,0,5,3-dehydroquinate biosynthesis I,BioCyc
ARA:PWY-6196,1,0.9901489675320347,0,2,D-serine metabolism,BioCyc
ARA:PWY-6199,1,0.9356145598577836,0,7,quercetin sulfate biosynthesis,BioCyc
ARA:PWY-621,1,0.8883066206546051,0,29,sucrose degradation III (sucrose invertase),BioCyc
ARA:PWY-6213,1,0.9828558263774481,0,6,cadmium transport I,BioCyc
ARA:PWY-6219,1,0.9673643166139845,0,10,indole-3-acetyl-amide conjugate biosynthesis,BioCyc
ARA:PWY-622,1,0.9080439427787768,0,33,starch biosynthesis,BioCyc
ARA:PWY-6220,1,0.9846432916683561,0,5,jasmonoyl-amino acid conjugates biosynthesis I,BioCyc
ARA:PWY-6232,1,0.9943184094610731,0,1,chrysoeriol biosynthesis,BioCyc
ARA:PWY-6233,1,0.9846432916683561,0,5,jasmonoyl-amino acid conjugates biosynthesis II,BioCyc
ARA:PWY-6235,1,0.9804866988391505,0,4,hydroxyjasmonate sulfate biosynthesis,BioCyc
ARA:PWY-6239,1,0.9960802600689272,0,1,luteolin glycosides biosynthesis,BioCyc
ARA:PWY-6266,1,0.7780509335564623,0,44,superpathway of flavones and derivatives biosynthesis,BioCyc
ARA:PWY-6266-ARA,1,0.7780509335564623,0,44,superpathway of flavones and derivatives biosynthesis,BioCyc
ARA:PWY-6287,1,0.9797996806031145,0,7,neurosporene biosynthesis,BioCyc
ARA:PWY-6295,1,0.9846566873416313,0,2,olivetol biosynthesis,BioCyc
ARA:PWY-63,1,0.9650879799168891,0,11,UDP-L-arabinose biosynthesis I (from UDP-xylose),BioCyc
ARA:PWY-6303,1,0.9824443762932534,0,5,methyl indole-3-acetate interconversion,BioCyc
ARA:PWY-6304,1,0.9858686489846837,0,4,casbene biosynthesis,BioCyc
ARA:PWY-6305,1,0.986624563939441,0,4,putrescine biosynthesis IV,BioCyc
ARA:PWY-6317,1,0.9560582706928477,0,15,D-galactose degradation I (Leloir pathway),BioCyc
ARA:PWY-6333,1,0.958125924029671,0,12,acetaldehyde biosynthesis I,BioCyc
ARA:PWY-6348,1,0.8677916968781657,0,27,phosphate acquisition,BioCyc
ARA:PWY-6352,1,0.8163656996079571,0,63,3-phosphoinositide biosynthesis,BioCyc
ARA:PWY-6363,1,0.9335599395016722,0,20,"D-myo-inositol (1,4,5)-trisphosphate degradation",BioCyc
ARA:PWY-6364,1,0.9651303878733906,0,12,"D-myo-inositol (1,3,4)-trisphosphate biosynthesis",BioCyc
ARA:PWY-6369,1,0.9759110794216881,0,7,inositol pyrophosphates biosynthesis,BioCyc
ARA:PWY-641,1,0.9843427541482163,0,4,proanthocyanidins biosynthesis from flavanols,BioCyc
ARA:PWY-6424,1,0.9868889478394246,0,2,"26,27-dehydrozymosterol metabolism",BioCyc
ARA:PWY-6441,1,0.9631982570941271,0,12,spermine and spermidine degradation III,BioCyc
ARA:PWY-6442,1,0.9683849891814246,0,5,spermidine hydroxycinnamic acid conjugates biosynthesis,BioCyc
ARA:PWY-6443,1,0.7342680944385088,0,54,"benzoate biosynthesis I (CoA-dependent, &beta;-oxidative)",BioCyc
ARA:PWY-6444,1,0.9564408347268308,0,15,"benzoate biosynthesis II (CoA-independent, non-&beta;-oxidative)",BioCyc
ARA:PWY-6446,1,0.9355816716892561,0,20,"benzoate biosynthesis III (CoA-dependent, non-&beta;-oxidative)",BioCyc
ARA:PWY-6457,1,0.9696206975902046,0,8,trans-cinnamoyl-CoA biosynthesis,BioCyc
ARA:PWY-6466,1,0.9510964960558798,0,6,pyridoxal 5'-phosphate biosynthesis II,BioCyc
ARA:PWY-6473,1,0.9914573745963109,0,3,4-aminobutanoate degradation IV,BioCyc
ARA:PWY-6475,1,0.9579457352421549,0,13,trans-lycopene biosynthesis II (plants),BioCyc
ARA:PWY-6483,1,0.9706788958815168,0,10,ceramide degradation,BioCyc
ARA:PWY-6498,1,0.954417987666109,0,6,eumelanin biosynthesis,BioCyc
ARA:PWY-6502,1,0.9847703262522706,0,1,oxidized GTP and dGTP detoxification,BioCyc
ARA:PWY-6520,1,0.9871857877610064,0,4,nonaprenyl diphosphate biosynthesis II,BioCyc
ARA:PWY-6527,1,0.9585454071950629,0,13,stachyose degradation,BioCyc
ARA:PWY-6535,1,0.9914573745963109,0,3,4-aminobutanoate degradation I,BioCyc
ARA:PWY-6543,1,0.9752681943251621,0,5,4-aminobenzoate biosynthesis,BioCyc
ARA:PWY-6545,1,0.8475330468397076,0,29,pyrimidine deoxyribonucleotides de novo biosynthesis III,BioCyc
ARA:PWY-6546,1,0.9441880529720096,0,9,brassinosteroids inactivation,BioCyc
ARA:PWY-6549,1,0.8760198466281011,0,37,L-glutamine biosynthesis III,BioCyc
ARA:PWY-6554,1,0.9386491543006615,0,15,"1D-myo-inositol hexakisphosphate biosynthesis V (from Ins(1,3,4)P3)",BioCyc
ARA:PWY-6556,1,0.9755725680031474,0,3,pyrimidine ribonucleosides salvage II,BioCyc
ARA:PWY-6577,1,0.9903367954173106,0,3,farnesylcysteine salvage pathway,BioCyc
ARA:PWY-6596,1,0.9294300465837955,0,23,adenosine nucleotides degradation I,BioCyc
ARA:PWY-6599,1,0.9820402366038474,0,2,guanine and guanosine salvage II,BioCyc
ARA:PWY-66,1,0.9564020661640641,0,6,GDP-L-fucose biosynthesis I (from GDP-D-mannose),BioCyc
ARA:PWY-6605,1,0.9543687958765892,0,13,adenine and adenosine salvage II,BioCyc
ARA:PWY-6606,1,0.9475418219293138,0,16,guanosine nucleotides degradation II,BioCyc
ARA:PWY-6607,1,0.9530476650600188,0,15,guanosine nucleotides degradation I,BioCyc
ARA:PWY-6612,1,0.9310284707127897,0,11,superpathway of tetrahydrofolate biosynthesis,BioCyc
ARA:PWY-6613,1,0.9649454257421121,0,8,"tetrahydrofolate salvage from 5,10-methenyltetrahydrofolate",BioCyc
ARA:PWY-6614,1,0.9756175810914195,0,8,tetrahydrofolate biosynthesis,BioCyc
ARA:PWY-6619,1,0.9940413769174015,0,2,adenine and adenosine salvage VI,BioCyc
ARA:PWY-6623,1,0.9847810982555061,0,3,salicylate glucosides biosynthesis II,BioCyc
ARA:PWY-6624,1,0.9875205867280542,0,2,salicylate glucosides biosynthesis III,BioCyc
ARA:PWY-6663,1,0.9377744953393498,0,19,plant sterol biosynthesis II,BioCyc
ARA:PWY-6666,1,0.9903839010291948,0,2,pyocyanin biosynthesis,BioCyc
ARA:PWY-6673,1,0.9656765265127006,0,9,caffeoylglucarate biosynthesis,BioCyc
ARA:PWY-6707,1,0.9970875993260697,0,1,gallate biosynthesis,BioCyc
ARA:PWY-6710,1,0.9756272176105777,0,5,poly-hydroxy fatty acids biosynthesis,BioCyc
ARA:PWY-6724,1,0.9477304659922078,0,15,starch degradation II,BioCyc
ARA:PWY-6730,1,0.9809307737486148,0,5,methylhalides biosynthesis (plants),BioCyc
ARA:PWY-6733,1,0.8100214682330332,0,39,sporopollenin precursors biosynthesis,BioCyc
ARA:PWY-6736,1,0.9887194746922465,0,3,sulfur volatiles biosynthesis,BioCyc
ARA:PWY-6745,1,0.9731909372156329,0,8,phytochelatins biosynthesis,BioCyc
ARA:PWY-6754,1,0.9613533505354963,0,9,S-methyl-5'-thioadenosine degradation I,BioCyc
ARA:PWY-6756,1,0.9727300179183662,0,6,S-methyl-5'-thioadenosine degradation II,BioCyc
ARA:PWY-6762,1,0.9875205867280542,0,2,salicylate glucosides biosynthesis IV,BioCyc
ARA:PWY-6786,1,0.9097066468274467,0,15,detoxification of reactive carbonyls in chloroplasts,BioCyc
ARA:PWY-6787,1,0.8616890309497727,0,27,flavonoid biosynthesis (in equisetum),BioCyc
ARA:PWY-6792,1,0.9343913768595716,0,10,scopoletin biosynthesis,BioCyc
ARA:PWY-6799,1,0.9939007158687861,0,2,fatty acid biosynthesis (plant mitochondria),BioCyc
ARA:PWY-6802,1,0.9935408321810135,0,2,salidroside biosynthesis,BioCyc
ARA:PWY-6804,1,0.9804313859106483,0,5,diacylglycerol biosynthesis (PUFA enrichment in oilseed),BioCyc
ARA:PWY-6806,1,0.9902821843266318,0,3,carotenoid cleavage,BioCyc
ARA:PWY-6823,1,0.8879729932542391,0,20,molybdenum cofactor biosynthesis,BioCyc
ARA:PWY-6825,1,0.9398915746512618,0,7,phosphatidylcholine biosynthesis V,BioCyc
ARA:PWY-6837,1,0.9335962222664707,0,12,"fatty acid beta-oxidation V (unsaturated, odd number, di-isomerase-dependent)",BioCyc
ARA:PWY-6845,1,0.990112292883682,0,3,nitric oxide biosynthesis (plants),BioCyc
ARA:PWY-6890,1,0.9938440411599992,0,2,4-amino-2-methyl-5-diphosphomethylpyrimidine biosynthesis,BioCyc
ARA:PWY-6898,1,0.9536821267837081,0,8,thiamine salvage III,BioCyc
ARA:PWY-6902,1,0.8858844749493116,0,15,chitin degradation II (Vibrio),BioCyc
ARA:PWY-6908,1,0.9372496419304697,0,11,thiamine diphosphate biosynthesis IV (eukaryotes),BioCyc
ARA:PWY-6909,1,0.9944165462186796,0,1,thiazole biosynthesis III (eukaryotes),BioCyc
ARA:PWY-6910,1,0.9968073091383395,0,1,hydroxymethylpyrimidine salvage,BioCyc
ARA:PWY-6922,1,0.9714042835850505,0,7,L-N&delta;-acetylornithine biosynthesis,BioCyc
ARA:PWY-6927,1,0.9477005679617347,0,14,chlorophyll a degradation II,BioCyc
ARA:PWY-6930,1,0.9767862628740233,0,4,phenolic malonylglucosides biosynthesis,BioCyc
ARA:PWY-6931,1,0.9971913581546261,0,1,seleno-amino acid detoxification and volatilization I,BioCyc
ARA:PWY-6932,1,0.9929779797072099,0,2,selenate reduction,BioCyc
ARA:PWY-6936,1,0.956043508469113,0,10,seleno-amino acid biosynthesis,BioCyc
ARA:PWY-6938,1,0.9936374101454215,0,2,NADH repair,BioCyc
ARA:PWY-695,1,0.9439945896642961,0,12,abscisic acid biosynthesis,BioCyc
ARA:PWY-6952,1,0.9430445557615638,0,18,glycerophosphodiester degradation,BioCyc
ARA:PWY-6959,1,0.9421496157350154,0,16,L-ascorbate degradation V,BioCyc
ARA:PWY-6963,1,0.95916273404424,0,13,ammonia assimilation cycle I,BioCyc
ARA:PWY-6964,1,0.9618687540808168,0,12,ammonia assimilation cycle II,BioCyc
ARA:PWY-6982,1,0.9472206813840793,0,14,umbelliferone biosynthesis,BioCyc
ARA:PWY-701,1,0.9951506349335361,0,1,L-methionine degradation II,BioCyc
ARA:PWY-702,1,0.9276961937995595,0,18,L-methionine biosynthesis II,BioCyc
ARA:PWY-7036,1,0.8949920898901135,0,31,very long chain fatty acid biosynthesis II,BioCyc
ARA:PWY-7047,1,0.9706835628857549,0,7,malate-oxaloacetate shuttle I,BioCyc
ARA:PWY-7048,1,0.9770066017728043,0,5,malate-oxaloacetate shuttle II,BioCyc
ARA:PWY-7060,1,0.9768658267984168,0,7,ornithine-citrulline shuttle,BioCyc
ARA:PWY-7061,1,0.9819179858613418,0,6,glutamate-glutamine shuttle,BioCyc
ARA:PWY-7067,1,0.9643480919128522,0,4,betulinate biosynthesis,BioCyc
ARA:PWY-7068,1,0.9643480919128522,0,4,ursolate biosynthesis,BioCyc
ARA:PWY-7071,1,0.9858731367981322,0,2,steviol glucoside biosynthesis (rebaudioside A biosynthesis),BioCyc
ARA:PWY-7101,1,0.983571327773214,0,3,5-deoxystrigol biosynthesis,BioCyc
ARA:PWY-7120,1,0.9750735021415732,0,6,esterified suberin biosynthesis,BioCyc
ARA:PWY-7140,1,0.9888675959296271,0,3,myricetin gentiobioside biosynthesis,BioCyc
ARA:PWY-7158,1,0.9913556603196859,0,2,L-phenylalanine degradation V,BioCyc
ARA:PWY-7170,1,0.9918274729188641,0,2,phytochromobilin biosynthesis,BioCyc
ARA:PWY-7176,1,0.8731297082112067,0,29,UTP and CTP de novo biosynthesis,BioCyc
ARA:PWY-7177,1,0.9486562547177307,0,18,UTP and CTP dephosphorylation II,BioCyc
ARA:PWY-7183,1,0.9674396806861106,0,11,pyrimidine nucleobases salvage I,BioCyc
ARA:PWY-7184,1,0.8321365086454143,0,35,pyrimidine deoxyribonucleotides de novo biosynthesis I,BioCyc
ARA:PWY-7185,1,0.9146710035695894,0,29,UTP and CTP dephosphorylation I,BioCyc
ARA:PWY-7186,1,0.9386783618534466,0,15,superpathway of scopolin and esculin biosynthesis,BioCyc
ARA:PWY-7187,1,0.8689334727207018,0,23,pyrimidine deoxyribonucleotides de novo biosynthesis II,BioCyc
ARA:PWY-7193,1,0.9390630990910521,0,16,pyrimidine ribonucleosides salvage I,BioCyc
ARA:PWY-7196,1,0.8135637399420139,0,47,superpathway of pyrimidine ribonucleosides salvage,BioCyc
ARA:PWY-7197,1,0.9094720111537488,0,15,pyrimidine deoxyribonucleotide phosphorylation,BioCyc
ARA:PWY-7199,1,0.9412491123089005,0,11,pyrimidine deoxyribonucleosides salvage,BioCyc
ARA:PWY-7200,1,0.8557494040144948,0,26,superpathway of pyrimidine deoxyribonucleoside salvage,BioCyc
ARA:PWY-7204,1,0.9298732168628709,0,16,pyridoxal 5'-phosphate salvage II (plants),BioCyc
ARA:PWY-7205,1,0.9114643533482424,0,15,CMP phosphorylation,BioCyc
ARA:PWY-7206,1,0.9415721487086323,0,7,pyrimidine deoxyribonucleotides dephosphorylation,BioCyc
ARA:PWY-7208,1,0.8444758323276844,0,40,superpathway of pyrimidine nucleobases salvage,BioCyc
ARA:PWY-7211,1,0.7557365404737868,0,61,superpathway of pyrimidine deoxyribonucleotides de novo biosynthesis,BioCyc
ARA:PWY-7213,1,0.9762629205527661,0,7,wogonin metabolism,BioCyc
ARA:PWY-7219,1,0.7438747963286462,0,42,adenosine ribonucleotides de novo biosynthesis,BioCyc
ARA:PWY-7221,1,0.9103296611968408,0,19,guanosine ribonucleotides de novo biosynthesis,BioCyc
ARA:PWY-7224,1,0.9200149753529073,0,14,purine deoxyribonucleosides salvage,BioCyc
ARA:PWY-7226,1,0.9312771938557691,0,12,guanosine deoxyribonucleotides de novo biosynthesis I,BioCyc
ARA:PWY-7227,1,0.9312771938557691,0,12,adenosine deoxyribonucleotides de novo biosynthesis,BioCyc
ARA:PWY-7238,1,0.888408997738899,0,39,sucrose biosynthesis II,BioCyc
ARA:PWY-724,1,0.8580999888183325,0,41,"superpathway of L-lysine, L-threonine and L-methionine biosynthesis II",BioCyc
ARA:PWY-7250,1,0.9955646989275249,0,1,[2Fe-2S] iron-sulfur cluster biosynthesis,BioCyc
ARA:PWY-7267,1,0.9775326857996545,0,4,anthocyanin biosynthesis (pelargonidin 3-O-glucoside),BioCyc
ARA:PWY-7270,1,0.8399612908694283,0,41,L-methionine salvage cycle II (plants),BioCyc
ARA:PWY-7325,1,0.9962779870822878,0,1,salvigenin biosynthesis,BioCyc
ARA:PWY-7343,1,0.9610829741016887,0,14,UDP-glucose biosynthesis,BioCyc
ARA:PWY-7344,1,0.9807898569969973,0,6,UDP-D-galactose biosynthesis,BioCyc
ARA:PWY-7346,1,0.9820781571218845,0,5,UDP-&alpha;-D-glucuronate biosynthesis (from UDP-glucose),BioCyc
ARA:PWY-735,1,0.9080822254573803,0,25,jasmonic acid biosynthesis,BioCyc
ARA:PWY-7356,1,0.922427864346545,0,13,thiamine salvage IV (yeast),BioCyc
ARA:PWY-7388,1,0.8629979541847481,0,30,"octanoyl-[acyl-carrier protein] biosynthesis (mitochondria, yeast)",BioCyc
ARA:PWY-7398,1,0.9021740248971263,0,19,coumarins biosynthesis (engineered),BioCyc
ARA:PWY-7416,1,0.8933751835376351,0,27,"phospholipid remodeling (phosphatidylcholine, yeast)",BioCyc
ARA:PWY-7432,1,0.951096863729162,0,11,"L-phenylalanine biosynthesis III (cytosolic, plants)",BioCyc
ARA:PWY-7436,1,0.9848175755849166,0,3,vitamin E biosynthesis (tocotrienols),BioCyc
ARA:PWY-7450,1,0.8734095526994136,0,25,anthocyanidin modification (Arabidopsis),BioCyc
ARA:PWY-7468,1,0.9875205867280542,0,2,benzoyl-&beta;-D-glucopyranose biosynthesis,BioCyc
ARA:PWY-7528,1,0.8751907925441482,0,28,L-methionine salvage cycle I (bacteria and plants),BioCyc
ARA:PWY-7590,1,0.990211120613162,0,3,"(7Z,10Z,13Z)-hexadecatrienoate biosynthesis",BioCyc
ARA:PWY-762,1,0.9479758453979087,0,9,phospholipid desaturation,BioCyc
ARA:PWY-7625,1,0.982747811319004,0,5,phosphatidylinositol biosynthesis II (eukaryotes),BioCyc
ARA:PWY-7640,1,0.993410010657802,0,2,neophaseic acid biosynthesis,BioCyc
ARA:PWY-7985,1,0.989702455650257,0,3,oxalate degradation VI,BioCyc
ARA:PWY-801,1,0.9837218527093917,0,5,L-homocysteine and L-cysteine interconversion,BioCyc
ARA:PWY-82,1,0.9915601447353184,0,3,UDP-L-arabinose biosynthesis II (from L-arabinose),BioCyc
ARA:PWY-83,1,0.9953614950525758,0,1,monolignol glucosides biosynthesis,BioCyc
ARA:PWY-84,1,0.9846566873416313,0,2,resveratrol biosynthesis,BioCyc
ARA:PWY-841,1,0.9312771938557691,0,12,superpathway of purine nucleotides de novo biosynthesis I,BioCyc
ARA:PWY-861,1,0.9622628034295119,0,8,dhurrin biosynthesis,BioCyc
ARA:PWY-882,1,0.9135233673223301,0,26,L-ascorbate biosynthesis I (L-galactose pathway),BioCyc
ARA:PWY-922,1,0.9393587577103584,0,20,mevalonate pathway I,BioCyc
ARA:PWY0-1021,1,0.9894062038935766,0,3,L-alanine biosynthesis III,BioCyc
ARA:PWY0-1182,1,0.9764640585680404,0,8,trehalose degradation II (trehalase),BioCyc
ARA:PWY0-1264,1,0.9702640265646273,0,10,biotin-carboxyl carrier protein assembly,BioCyc
ARA:PWY0-1313,1,0.9706912800976918,0,10,acetate conversion to acetyl-CoA,BioCyc
ARA:PWY0-1319,1,0.9588742838763629,0,13,CDP-diacylglycerol biosynthesis II,BioCyc
ARA:PWY0-1325,1,0.9825347417157482,0,6,superpathway of L-asparagine biosynthesis,BioCyc
ARA:PWY0-1507,1,0.9655478657512966,0,10,biotin biosynthesis from 8-amino-7-oxononanoate I,BioCyc
ARA:PWY0-1535,1,0.9901489675320347,0,2,D-serine degradation,BioCyc
ARA:PWY0-162,1,0.8563865697439814,0,35,superpathway of pyrimidine ribonucleotides de novo biosynthesis,BioCyc
ARA:PWY0-166,1,0.8587224876395689,0,26,superpathway of pyrimidine deoxyribonucleotides de novo biosynthesis (E. coli),BioCyc
ARA:PWY0-461,1,0.9653000349504852,0,5,L-lysine degradation I,BioCyc
ARA:PWY0-501,1,0.9571005772575445,0,6,lipoate biosynthesis and incorporation I,BioCyc
ARA:PWY0-662,1,0.9740057771637329,0,8,PRPP biosynthesis I,BioCyc
ARA:PWY0A-6303,1,0.9354709187687014,0,13,methyl indole-3-acetate interconversion,BioCyc
ARA:PWY1F-353,1,0.9902737367842136,0,3,glycine betaine biosynthesis III (plants),BioCyc
ARA:PWY1F-467,1,0.9876871691568352,0,4,"phenylpropanoid biosynthesis, initial reactions",BioCyc
ARA:PWY1F-823,1,0.9793672052209155,0,4,leucopelargonidin and leucocyanidin biosynthesis,BioCyc
ARA:PWY1F-FLAVSYN,1,0.8545697315740719,0,33,flavonoid biosynthesis,BioCyc
ARA:PWY3DJ-35471,1,0.9864591747595263,0,4,L-ascorbate biosynthesis IV,BioCyc
ARA:PWY3O-450,1,0.9621664406552677,0,11,phosphatidylcholine biosynthesis I,BioCyc
ARA:PWY490-4,1,0.9820272361326595,0,4,L-asparagine biosynthesis III (tRNA-dependent),BioCyc
ARA:PWY4FS-10,1,0.9895175600190605,0,2,scopolin biosynthesis,BioCyc
ARA:PWY4FS-11,1,0.9881031509493357,0,4,L-ascorbate biosynthesis II (L-gulose pathway),BioCyc
ARA:PWY4FS-12,1,0.9937285708735117,0,2,VTC2 cycle,BioCyc
ARA:PWY4FS-13,1,0.9937285708735117,0,2,extended VTC2 cycle,BioCyc
ARA:PWY4FS-2,1,0.9540429297501773,0,15,phosphatidylcholine biosynthesis II,BioCyc
ARA:PWY4FS-3,1,0.9627812727917052,0,9,phosphatidylcholine biosynthesis III,BioCyc
ARA:PWY4FS-4,1,0.9627812727917052,0,9,phosphatidylcholine biosynthesis IV,BioCyc
ARA:PWY4FS-5,1,0.9262758689174956,0,20,superpathway of phosphatidylcholine biosynthesis,BioCyc
ARA:PWY4FS-6,1,0.9570281265010766,0,13,phosphatidylethanolamine biosynthesis II,BioCyc
ARA:PWY4FS-7,1,0.9387605166490524,0,17,phosphatidylglycerol biosynthesis I (plastidic),BioCyc
ARA:PWY4FS-8,1,0.891204626607945,0,32,phosphatidylglycerol biosynthesis II (non-plastidic),BioCyc
ARA:PWY66-21,1,0.8972482417281155,0,34,ethanol degradation II,BioCyc
ARA:PWY66-399,1,0.7784713947666171,0,62,gluconeogenesis III,BioCyc
ARA:PWY66-423,1,0.9718010887910901,0,5,"fructose 2,6-bisphosphate biosynthesis",BioCyc
ARA:PWYDQC-4,1,0.9698593095581386,0,7,indole-3-acetate biosynthesis I,BioCyc
ARA:PWYQT-1,1,0.9829189207757529,0,6,lysine degradation III,BioCyc
ARA:PWYQT-4427,1,0.9907612716082461,0,3,sulfoquinovosyl diacylglycerol biosynthesis,BioCyc
ARA:PWYQT-4429,1,0.9803744246722872,0,7,CO2 fixation into oxaloacetate (anaplerotic),BioCyc
ARA:PWYQT-4432,1,0.9839411435034473,0,5,glutathione degradation,BioCyc
ARA:PWYQT-4433,1,0.9876160184319293,0,4,CA1P biosynthesis,BioCyc
ARA:PWYQT-4445,1,0.9298553714266803,0,23,pyrimidine salvage pathway,BioCyc
ARA:PWYQT-4449,1,0.8925695276874493,0,16,polyisoprenoid biosynthesis,BioCyc
ARA:PWYQT-4450,1,0.9628634082969656,0,9,"aliphatic glucosinolate biosynthesis, side chain elongation cycle",BioCyc
ARA:PWYQT-4466,1,0.8232296319635524,0,54,superpathway of sucrose and starch metabolism I (non-photosynthetic tissue),BioCyc
ARA:PWYQT-4470,1,0.988520147974488,0,4,&gamma;-glutamyl cycle (plant pathway),BioCyc
ARA:PWYQT-4476,1,0.9697784533429992,0,8,indole glucosinolate activation (herbivore attack),BioCyc
ARA:PWYQT-4477,1,0.9208258507042066,0,16,indole glucosinolate activation (intact plant cell),BioCyc
ARA:PWYQT-4481,1,0.796866700693493,0,44,TCA cycle variation V (plant),BioCyc
ARA:PWYQT-4482,1,0.9691468376014304,0,9,CDP-diacylglycerol biosynthesis IV,BioCyc
ARA:PWYQT-62,1,0.8888994735303126,0,33,superpathway of proto- and siroheme biosynthesis,BioCyc
ARA:PWYQT-94,1,0.9218142064337951,0,17,superpathway of polyamine biosynthesis,BioCyc
ARA:PYRIDNUCSYN-PWY,1,0.9761316144707711,0,7,NAD biosynthesis I (from aspartate),BioCyc
ARA:PYRUVDEHYD-PWY,1,0.9128766668446632,0,22,pyruvate decarboxylation to acetyl CoA,BioCyc
ARA:RIBOSYN2-PWY,1,0.9476128943505603,0,14,flavin biosynthesis I (bacteria and plants),BioCyc
ARA:SAM-PWY,1,0.9707961575076168,0,7,S-adenosyl-L-methionine biosynthesis,BioCyc
ARA:SERSYN-PWY,1,0.9731427990943733,0,6,L-serine biosynthesis,BioCyc
ARA:SUCSYN-PWY,1,0.8519431631940798,0,40,sucrose biosynthesis I (from photosynthesis),BioCyc
ARA:SULFMETII-PWY,1,0.9662172380234554,0,9,sulfate reduction II (assimilatory),BioCyc
ARA:THIOREDOX-PWY,1,0.8117588716653522,0,19,thioredoxin pathway,BioCyc
ARA:THRESYN-PWY,1,0.9000835866977092,0,28,superpathway of L-threonine biosynthesis,BioCyc
ARA:TRESYN-PWY,1,0.9189252539530111,0,28,trehalose biosynthesis I,BioCyc
ARA:TRIGLSYN-PWY,1,0.7717400353705273,0,66,diacylglycerol and triacylglycerol biosynthesis,BioCyc
ARA:TRPSYN-PWY,1,0.9260994010615481,0,22,L-tryptophan biosynthesis,BioCyc
ARA:TYRFUMCAT-PWY,1,0.9404709695092982,0,14,L-tyrosine degradation I,BioCyc
ARA:UDPNACETYLGALSYN-PWY,1,0.9427535489112742,0,8,UDP-N-acetyl-D-glucosamine biosynthesis II,BioCyc
ARA:VALDEG-PWY,1,0.8937747250948004,0,30,L-valine degradation I,BioCyc
ARA:VALSYN-PWY,1,0.9495825603283239,0,17,L-valine biosynthesis,BioCyc
ARA:XYLCAT-PWY,1,0.9881316840052927,0,4,xylose degradation I,BioCyc
ARA:PWY-5084,1.000000000000002,0.9384598137989618,0,15,2-oxoglutarate decarboxylation to succinyl-CoA,BioCyc
